Dish1,Dish2,Dish3,Dish4,Dish5
White/Brown Rice + 1 Vegetable + 1 Meat (Beef) + 1 Seafood,Nasi Goreng,Fried Vegetables,Oyster Mee Sua,Tom Yum Seafood Pasta
Oyster Mee Sua with Sesame Chicken,Thick Bee Hoon,Chicken Katsu,White/Brown Rice + 1 Vegetable/Sides + 1 Seafood + 1 Processed Food,Hong Kong style Roasted Sausage (Single/Double/Triple)
Mentaiko Salmon Bowl,White/Brown Rice + 1 Vegetable + 2 Meat (Chicken/Pork),Dumpling Noodle Soup (8 pcs),Steamed Chicken (Single/Double/Triple),Mee Goreng
Fried Vegetables,Chongqing Spicy Chicken,Ishiro Chashu Bowl,Iberico Pork Bowl,White/Brown Rice + 2 Vegetable + 1 Meat (Pork)
Chicken Karaage Curry Bowl,Stir-fry Mala (Chicken / Vegetable / Processed Food),Rendang Beef,Beef Brisket,Salted Crispy Chicken Rice
Chicken Cutlet Set,Pork Rib Prawn Noodles,White/Brown Rice + 1 Vegetable/Sides + 1 Meat (Chicken),Thick Bee Hoon,Dry Pot Four Treasures
Buffalo Wings,Dry Pot Seafood,White/Brown Rice + 1 Vegetable/Sides + 1 Seafood + 1 Egg,Fried Fish Soup Rice (Dory),NY Style Pizza Slice
Tempura Prawn Curry Bowl,Hong Kong style Crispy Roasted Suckling pig (Single/Double/Triple),Mee Hoon Kuah,Thick Bee Hoon,White/Brown Rice + 2 Vegetable + 2 Meat (Chicken/Pork)
Minced Beef,Grilled Chicken Bowl,X-Large Chicken Chop Rice,Thick Bee Hoon,Ikan Bawal Set
Mee Goreng with Ikan Bilis,Dry Pot Spicy Shrimp,Chicken Katsu Curry Bowl,Sesame Seed Chicken Rice,Ayam Penyet Set
Buffalo Wings,Fish Briyani Rice with Achar,Nasi Goreng with Ikan Bilis,Rendang Beef,Ham Carbonara Pasta
Beef Brisket,Animal Style Fries,Spicy Lemongrass Chicken Set,Teriyaki Chicken Rice,Roasted Chicken (Single/Double/Triple)
Stir-fry Mala (Beef / Vegetable / Processed Food),Unagi Bowl,Dry Pot Spicy Shrimp,Chilli Corn Carne ,White/Brown Rice + 1 Vegetable/Sides + 1 Meat (Chicken)
White/Brown Rice + 2 Vegetable + 1 Meat (Beef),Fish Head With Soy Sauce And Pepper,White/Brown Rice + 1 Vegetable + 1 Meat (Beef) + Egg,Mee Sua,White/Brown Rice + 1 Vegetable + 2 Meat (Pork/Beef)
Buffalo Wings,Mala Chicken Chop Rice,White/Brown/Rice + 2 Vegetable/Sides + 1 Meat (Beef),Plain Japanese Curry Bowl,Spicy Chicken Tonkatsu Udon
White/Brown/Rice + 2 Vegetable/Sides + 1 Meat (Beef),Stir-fry Mala (Chicken / Pork / Vegetable / Processed Food),Cumi Goreng Set,Minced Beef,White/Brown Rice + 2 Vegetable + 2 Meat (Chicken/Beef)
Bee Hoon Goreng with Ikan Bilis,Stir-fry Mala (Chicken / Pork / Vegetable / Processed Food),Steamed Chicken (Single/Double/Triple),Pickled Fish,Minced Beef
White/Brown/Rice + 2 Vegetable/Sides + 1 Meat (Chicken),White/Brown Rice + 2 Vegetable + 1 Meat (Pork),Sesame Seed Chicken Rice,White/Brown Rice + 1 Vegetable/Sides + 1 Meat (Chicken) + 1 Seafood,Crispy Noodles
Fried Dumplings,Sichuan Crispy Fish,Mutton Briyani RIce with Achar,White/Brown Rice + 1 Vegetable/Sides + 1 Meat (Chicken)+ 1 Egg,White/Brown Rice + 1 Vegetable + 1 Meat (Beef)
White/Brown Rice + 1 Vegetable + 1 Meat (Pork) + 1 Seafood,Spicy Fried Large Intestine,Fried Fish,Roasted Pork (Single/Double/Triple),Pork Rib Prawn Noodles
Crispy Noodles,Steamed Chicken (Single/Double/Triple),Chongqing Spicy Chicken,White/Brown/Rice + 2 Vegetable/Sides + 1 Meat (Chicken),Unagi Bowl
Crispy Pork With Tofu,Mentaiko Chicken Udon,Pork Katsu Curry Bowl,Nasi Goreng with Ikan Bilis,Pork Katsu Bowl
Grilled Unagi Udon,Mixed Beef,Dumpling Noodle Soup (8 pcs),White/Brown Rice + 1 Vegetable/Sides + 1 Meat (Chicken) + 1 Processed Food,Animal Style Fries
Mushroom Aglio Oglio,Rendang Beef,Sukiya Beef Udon,Grilled Unagi Udon,Steamed Chicken (Single/Double/Triple)
Beef Tendon,Ayam Penyet Set,White/Brown Rice + 1 Vegetable/Sides + 1 Meat (Chicken) + 1 Seafood,Sukiya Beef Udon,White/Brown Rice + 1 Vegetable/Sides + 2 Meat (Chicken)
Salmon Bowl,White/Brown Rice + 2 Vegetable + 1 Meat (Chicken),Hong Kong style Crispy Roasted Suckling pig (Single/Double/Triple),Ikan Bawal Set,White/Brown Rice + 1 Vegetable + 2 Meat (Chicken/Pork)
White/Brown/Rice + 2 Vegetable/Sides + 1 Meat (Chicken),Ayam Kukus,Nashville Hot Chicken,Big Prawn Noodles,Roasted Pork (Single/Double/Triple)
Beefballs,Stir-fry Mala (Chicken / Pork / Vegetable / Processed Food),Thin Bee Hoon,Spicy Chicken Tonkatsu Udon,White/Brown Rice + 1 Vegetable/Sides + 1 Meat (Beef)
Beef Brisket,Fried Vegetables,White/Brown Rice + 1 Vegetable/Sides + 1 Seafood,Lemon Chicken Cutlet (Single/Double/Triple),Dumpling Soup
Thai Chicken Cutlet (Single/Double/Triple),Boiled Pork,White/Brown/Rice + 2 Vegetable/Sides + 1 Seafood,Chicken Briyani Rice with Achar,Pork Rib Noodles
Pickled Fish,Nasi Goreng with Ikan Bilis,Dry Pot Pork Hoof Steak,Pork Katsu Curry Bowl,Roasted Duck Drumstick (Single)
Stir-fry Mala (Beef / Vegetable / Processed Food),Beef Brisket,Nashville Hot Chicken,White/Brown Rice + 1 Vegetable/Sides + 1 Meat (Chicken) + 1 Processed Food,Beef Strangaoff
Grilled Dory Fish Fillet Set,Smoked Duck With Garlic Moss,White/Brown Rice + 1 Vegetable + 2 Meat (Chicken/Beef),Mee Sua,Thin Bee Hoon
Chicken Karaage Curry Bowl,Ikan Dory Penyet Set,Crispy Fish Fillet Set,White/Brown/Rice + 2 Vegetable/Sides + 1 Seafood,Mee Hoon Kuah
Mee Goreng with Ikan Bilis,Steamed Chicken Drumstick (Single),Fried Dumplings,White/Brown Rice + 1 Vegetable + 1 Meat (Pork),Nasi Lemak
White/Brown Rice + 1 Vegetable/Sides + 1 Meat (Beef) + 1 Processed Food,Hong Kong style Crispy Roasted Suckling pig (Single/Double/Triple),Roasted Chicken (Single/Double/Triple),Dry Pot Spicy Shrimp,Stir-fry Mala (Pork / Beef / Vegetable / Processed Food)
Stir-fry Mala (Seafood / Vegetable / Processed Food),White/Brown Rice + 1 Vegetable + 1 Meat (Chicken),Sichuan Crispy Fish,Boiled Pork,Taiwanese Sweet & Sour Chicken Rice
Dry Pot Spicy Shrimp,Mala Fried Rice With Seafood,Beef Strangaoff,Zha Jiang Noodle,Grilled Chicken Chop set
Salted Crispy Chicken Rice,White/Brown Rice + 1 Vegetable + 1 Meat (Chicken) + 1 Processed Food,Chicken Briyani Rice with Achar,Fried Meatballs,Sliced Beef
Beef Tendon,Fried Wontons,Fish Soup Noodles Double Fish (Dory),Dry Pot Spicy Shrimp,Grilled Dory Fish Fillet Set
Sliced Beef,Dry Pot Four Treasures,Salmon Bowl,White/Brown Rice + 2 Vegetable + 2 Meat (Pork/Beef),Boiled Fish
White/Brown Rice + 1 Vegetable + 1 Meat (Beef) + Egg,NY Style Pizza Slice,Pickled Fish,White/Brown Rice + 1 Vegetable + 1 Meat (Beef) + 1 Seafood,Mutton Briyani RIce with Achar
Ayam Penyet Set,Fried Dumplings,Torched Chashu Udon,Fish Soup Noodles Double Fish (Dory),Wanton
Fish Soup Rice Double Fish (Dory),Udang Penyet Set,Spicy Fried Large Intestine,Roasted Chicken (Single/Double/Triple),Shredded Chicken Porridge
Dumpling Soup,Chongqing Grilled Fish,White/Brown Rice + 1 Vegetable + 1 Meat (Pork) + 1 Seafood,Udang Penyet Set,Spicy Tender Beef
Smoked Duck With Garlic Moss,Ham Carbonara Pasta,Mixed Beef,Bee Hoon Goreng with Ikan Bilis,Pork Belly Rice
Thin Bee Hoon,White/Brown Rice + 1 Vegetable + 1 Meat (Chicken) + 1 Processed Food,Boiled Beef,Fried Pork With Chili,Dry Pot Four Treasures
Beef Brisket,Shredded Chicken Porridge,White/Brown Rice + 1 Vegetable + 1 Meat (Chicken),Salted Crispy Chicken Rice,Fried Fish Soup Rice (Dory)
Teriyaki Chicken Rice,Mee Hoon Kuah,Nasi Goreng,Marinara Pasta,Buffalo Wings
Tom Yum Seafood Pasta,Ikan Bawal Set,Sukiya Pork Udon,Grilled Chicken Bowl,Unagi Bowl
White/Brown Rice + 1 Vegetable/Sides + 1 Meat (Chicken) + 1 Processed Food,Animal Style Fries,Grilled Chicken Udon,Grilled Unagi Udon,Chicken Cutlet Set
White/Brown Rice + 1 Vegetable + 1 Meat (Beef) + 1 Seafood,Chongqing Spicy Chicken,Grilled Dory Fish Fillet Set,Ayam Panggang Set,Stir-fry Mala (Chicken / Pork / Vegetable / Processed Food)
Sesame Seed Chicken Rice,Roasted Duck Drumstick (Single),Spicy Tender Beef,White/Brown Rice + 1 Vegetable/Sides + 1 Meat (Chicken) + 1 Processed Food,Dumpling Soup
Chicken Cutlet Set,Ikan Dory Penyet Set,Stir-fry Mala (Pork / Seafood / Vegetable / Processed Food),Char Siew (Single/Double/Triple),White/Brown Rice + 1 Vegetable/Sides + 1 Seafood
White/Brown Rice + 1 Vegetable + 1 Meat (Chicken) + Egg,Nasi Lemak,Mixed Beef,Oyster Mee Sua with Sesame Chicken,Mee Sua
Beef Steak With Mushroom Sauce Set,Stir-fry Mala (Pork / Vegetable / Processed Food),Chilli Corn Carne ,Mentaiko Chicken Bowl,Fried Meatballs
Grilled Dory Fish Fillet Set,Fried Fish Soup Rice (Dory),White/Brown Rice + 1 Vegetable/Sides + 2 Meat (Beef),Chicken Cutlet Set,Steamed Chicken Drumstick (Single)
White/Brown Rice + 1 Vegetable + 1 Meat (Pork) + Egg,Stir-fry Mala (Pork / Beef / Vegetable / Processed Food),Salted Crispy Chicken Rice,Fresh Fish Fillet,Curry Chicken (Single)
White/Brown Rice + 1 Vegetable/Sides + 1 Seafood + 1 Processed Food,Mala Fried Rice With Chicken,Roasted Chicken Drumstick (Single),Roasted Pork (Single/Double/Triple),Mutton Briyani RIce with Achar
Zha Jiang Noodle,Mentaiko Chicken Udon,Ayam Penyet Set,Mentaiko Chicken Bowl,Taiwanese Pork Chop Rice
Taiwanese Pork Chop Rice,White/Brown Rice + 1 Vegetable/Sides + 1 Seafood + 1 Processed Food,Steamed Chicken (Single/Double/Triple),Char Siew Wanton,Stir-fry Mala (Pork / Seafood / Vegetable / Processed Food)
Jerk Chicken Rice,Chicken Katsu,Thin Bee Hoon,White/Brown Rice + 1 Vegetable/Sides + 1 Meat (Beef) + 1 Egg,Grilled Unagi Udon
Steamed Chicken Drumstick (Single),Smoked Duck With Garlic Moss,Udang Penyet Set,Stir-fry Mala (Pork / Seafood / Vegetable / Processed Food),Steamed Chicken (Single/Double/Triple)
Unagi Bowl,Fish Briyani Rice with Achar,White/Brown Rice + 1 Vegetable + 1 Meat (Pork),Ayam Penyet Set,Mala Fried Rice With Seafood
Sukiya Pork Udon,Fried Rice With Tomato,Beef Strangaoff,Hong Kong style Roasted Sausage (Single/Double/Triple),Pickled Fish
Stir-fry Mala (Pork / Vegetable / Processed Food),Stir-fry Mala (Pork / Egg / Vegetable / Processed Food),White/Brown Rice + 1 Vegetable + 1 Meat (Beef),White/Brown Rice + 1 Vegetable/Sides + 1 Seafood + 1 Egg,Mentaiko Pork Katsu Bowl
Grilled Chicken Bowl,Mentaiko Spicy Chicken Udon,White/Brown Rice + 1 Vegetable + 2 Meat (Chicken/Pork),Grilled Unagi Udon,Pork Rib Noodles
Fish Briyani Rice with Achar,White/Brown Rice + 1 Vegetable/Sides + 1 Meat (Chicken) + 1 Seafood,Taiwanese Sweet & Sour Chicken Rice,Pot - Fried Pork,White/Brown Rice + 1 Vegetable/Sides + 1 Meat (Chicken)
Roasted Duck (Single/Double/Triple),Mala Fried Rice With Chicken,Fried Meatballs,Wanton,Stir-fry Mala (Pork / Beef / Processed Food)
White/Brown Rice + 1 Vegetable/Sides + 1 Meat (Beef) + 1 Processed Food,Steamed Chicken Drumstick (Single),Chongqing Grilled Fish,Stir-Fried Chicken,White/Brown Rice + 2 Vegetable + 2 Meat (Chicken/Beef)
Dry Pot Spicy Shrimp,Chongqing Grilled Fish,Sukiya Beef Bowl,White/Brown Rice + 1 Vegetable/Sides + 1 Meat (Beef) + 1 Egg,Mee Goreng with Ikan Bilis
Ayam Penyet ,Stir-fry Mala (Chicken / Pork / Vegetable / Processed Food),Boiled Pork,Crispy Noodles,Roasted Chicken (Single/Double/Triple)
Smoked Duck With Garlic Moss,Honey Chicken Chop Rice,Oyster Mee Sua with Sesame Chicken,Stir-fry Mala (Pork / Seafood / Vegetable / Processed Food),Char Siew (Single/Double/Triple)
Bee Hoon Goreng with Ikan Bilis,Sliced Beef,Fried Pork With Chili,Ayam Kukus,Iberico Pork Bowl
Fish Head With Soy Sauce And Pepper,Buffalo Wings,Wanton,Beef Brisket,Sukiya Beef Curry Bowl
Curry Chicken (Single),Fish Slices Soup Noodles (Batang),White/Brown Rice + 1 Vegetable/Sides + 1 Meat (Beef) + 1 Egg,Steamed Chicken (Single/Double/Triple),Jerk Chicken Rice
Tom Yum Seafood Pasta,Thick Bee Hoon,Pork Katsu Curry Bowl,X-Large Chicken Chop Rice,Chongqing Grilled Fish
Mentaiko Pork Katsu Bowl,Beef Strangaoff,White/Brown Rice + 1 Vegetable/Sides + 1 Meat (Beef) + 1 Seafood,White/Brown Rice + 1 Vegetable + 2 Meat (Pork/Beef),Mushroom Aglio Oglio
White/Brown Rice + 1 Vegetable/Sides + 1 Meat (Chicken),Fried Fish Soup Noodles (Dory),Nashville Hot Chicken,White/Brown Rice + 1 Vegetable + 1 Meat (Beef) + Egg,White/Brown/Rice + 2 Vegetable/Sides + 1 Seafood
Pork Belly Rice,White/Brown Rice + 1 Vegetable + 2 Meat (Chicken/Beef),White/Brown Rice + 1 Vegetable/Sides + 1 Seafood + 1 Processed Food,Fried Fish Soup Noodles (Dory),Char Siew (Single/Double/Triple)
Nashville Hot Chicken,Bee Hoon Goreng with Ikan Bilis,Beef Steak With Mushroom Sauce Set,Beefballs,Dry Pot Octopus With Sauce
Unagi Bowl,Sliced Beef,Chicken Karaage Curry Bowl,White/Brown Rice + 1 Vegetable/Sides + 1 Meat (Chicken),Mixed Beef
Spicy Tender Beef,White/Brown Rice + 1 Vegetable/Sides + 1 Meat (Beef),Beef Tendon,Unagi Bowl,Fried Meatballs
White/Brown Rice + 1 Vegetable + 2 Meat (Pork/Beef),Grilled Dory Fish Fillet Set,Fish Head With Soy Sauce And Pepper,Mee Hoon Kuah,Stir-fry Mala (Seafood / Vegetable / Processed Food)
Spicy Lemongrass Chicken Set,Boiled Beef,Fish Briyani Rice with Achar,Pot - Fried Pork,Chicken Katsu
White/Brown Rice + 1 Vegetable/Sides + 2 Meat (Beef),Dry Pot Fat Intestine Chicken,Nashville Hot Chicken,Tom Yum Seafood Pasta,Fried Meatballs
Mala Chicken Chop Rice,Mentaiko Spicy Chicken Udon,Grilled Chicken Udon,Animal Style Fries,Mala Fried Rice With Chicken
Dry Pot Pork Hoof Steak,Nasi Lemak,White/Brown Rice + 1 Vegetable + 1 Meat (Chicken) + 1 Processed Food,White/Brown Rice + 1 Vegetable/Sides + 1 Meat (Chicken) + 1 Processed Food,Ayam Penyet Set
White/Brown Rice + 1 Vegetable + 1 Meat (Beef) + Egg,Fried Pork With Chili,Dry Pot Four Treasures,Spicy Tender Beef,Salmon Bowl
Beef Steak With Mushroom Sauce Set,Nashville Hot Chicken,Stir-fry Mala (Pork / Egg / Vegetable / Processed Food),Chilli Corn Carne ,Fish Soup Noodles Double Fish (Dory)
Chicken Katsu,Grilled Chicken Bowl,Chongqing Spicy Chicken,Sukiya Beef Udon,White/Brown/Rice + 2 Vegetable/Sides + 1 Meat (Beef)
Steamed Chicken (Single/Double/Triple),White/Brown Rice + 1 Vegetable/Sides + 2 Meat (Chicken),Mixed Beef,Minced Beef,Boiled Beef
White/Brown Rice + 1 Vegetable/Sides + 1 Meat (Chicken)+ 1 Egg,Mixed Beef,Fish Briyani Rice with Achar,Mentaiko Chicken Bowl,Mushroom Aglio Oglio
White/Brown Rice + 1 Vegetable/Sides + 1 Meat (Chicken) + 1 Processed Food,Pork Katsu Bowl,Stir-fry Mala (Chicken / Pork / Vegetable / Processed Food),White/Brown Rice + 1 Vegetable/Sides + 2 Meat (Chicken),Thick Bee Hoon
Rendang Beef,Beef Steak With Mushroom Sauce Set,Fish Briyani Rice with Achar,Chicken Katsu Curry Bowl,Ban Mian
Stir-Fried Pork,Ishiro Chashu Bowl,Ayam Penyet ,Rendang Beef,White/Brown Rice + 1 Vegetable/Sides + 1 Seafood + 1 Egg
White/Brown Rice + 2 Vegetable + 2 Meat (Pork/Beef),White/Brown Rice + 1 Vegetable/Sides + 1 Meat (Chicken) + 1 Processed Food,Taiwanese Sweet & Sour Chicken Rice,White/Brown Rice + 1 Vegetable + 2 Meat (Pork/Beef),Thin Bee Hoon
White/Brown Rice + 1 Vegetable + 1 Meat (Pork) + 1 Seafood,Crispy Fish Fillet Set,White/Brown/Rice + 2 Vegetable/Sides + 1 Seafood,Taiwanese Braised Pork Rice,Mala Fried Rice With Chicken
Stir-fry Mala (Pork / Beef / Processed Food),Glizzies,Chilli Corn Carne ,Grilled Dory Fish Fillet Set,Dry Pot Spicy Shrimp
Fish Slices Soup Rice (Batang),White/Brown Rice + 1 Vegetable + 2 Meat (Pork/Beef),Steamed Dumplings,Ikan Dory Penyet Set,Unagi Bowl
Dry Pot Spicy Shrimp,You Mian,Roasted Chicken (Single/Double/Triple),Boiled Fish,White/Brown Rice + 1 Vegetable + 1 Meat (Chicken) + 1 Processed Food
Buffalo Wings,Mala Fried Rice With Chicken,Salmon Bowl,Sukiya Beef Curry Bowl,Fried Fish
Ayam Penyet ,Thai Chicken Cutlet (Single/Double/Triple),Beef Strangaoff,Chongqing Grilled Fish,Grilled Unagi Udon
Ayam Panggang Set,Pork Rib Noodles,Unagi Bowl,Beef Shin,Oyster Mee Sua with Sesame Chicken
Mee Goreng,Fried Dumplings,X-Large Chicken Chop Rice,Mee Sua,Thick Bee Hoon
Dumpling Noodle Soup (8 pcs),Stir-fry Mala (Chicken / Vegetable / Processed Food),Glizzies,NY Style Pizza Slice,Minced Beef
Ban Mian,Chilli Corn Carne ,White/Brown Rice + 2 Vegetable + 2 Meat (Chicken/Beef),Dry Pot Four Treasures,Grilled Chicken Chop set
Chongqing Grilled Fish,Nasi Goreng with Ikan Bilis,White/Brown Rice + 1 Vegetable + 1 Meat (Beef) + 1 Seafood,Buffalo Wings,Fried Dumplings
Salmon Bowl,Glizzies,Stir-Fried Chicken,Shredded Chicken Porridge,White/Brown Rice + 1 Vegetable/Sides + 1 Meat (Beef) + 1 Seafood
Curry Chicken (Single),Buffalo Wings,Oyster Mee Sua with Sesame Chicken,Mala Fried Rice With Seafood,Nashville Hot Chicken
Jerk Chicken Rice,Stir-Fried Chicken,White/Brown/Rice + 2 Vegetable/Sides + 1 Meat (Chicken),Honey Chicken Chop Rice,Steamed Chicken (Single/Double/Triple)
Mentaiko Chicken Udon,Ayam Panggang Set,Thin Bee Hoon,Fish Head With Soy Sauce And Pepper,Mala Chicken Chop Rice
Taiwanese Braised Pork Rice,Mushroom Aglio Oglio,Roasted Chicken Drumstick (Single),Tom Yum Seafood Pasta,Spicy Fried Large Intestine
Minced Beef,Ikan Dory Penyet Set,Steamed Chicken (Single/Double/Triple),NY Style Pizza Slice,Grilled Dory Fish Fillet Set
Sliced Beef,Mee Hoon Kuah,Grilled Unagi Udon,White/Brown Rice + 1 Vegetable + 1 Meat (Pork) + Egg,Shredded Chicken Porridge
Fried Fish Soup Noodles (Dory),Lemon Chicken Cutlet (Single/Double/Triple),Beef Strangaoff,Mee Hoon Kuah,White/Brown Rice + 1 Vegetable/Sides + 1 Seafood + 1 Egg
Grilled Chicken Udon,Stir-fry Mala (Chicken / Vegetable / Processed Food),White/Brown Rice + 1 Vegetable/Sides + 1 Meat (Beef),Stir-fry Mala (Beef / Vegetable / Processed Food),Animal Style Fries
White/Brown Rice + 2 Vegetable + 2 Meat (Chicken/Beef),Minced Beef,Mentaiko Spicy Chicken Udon,Chongqing Grilled Fish,Mee Hoon Kuah
Fried Fish Soup Rice (Dory),Spicy Lemongrass Chicken Set,Boiled Pork,Sliced Beef,Sichuan Crispy Fish
White/Brown Rice + 2 Vegetable + 2 Meat (Pork/Beef),White/Brown Rice + 1 Vegetable + 1 Meat (Pork),Taiwanese Braised Pork Rice,Nasi Lemak,You Mian
Ham Carbonara Pasta,Fried Rice With Tomato,Ayam Penyet ,Spicy Chicken Tonkatsu Udon,Mutton Briyani RIce with Achar
Udang Penyet Set,Bee Hoon Goreng with Ikan Bilis,Cumi Goreng Set,Ayam Penyet ,White/Brown Rice + 1 Vegetable/Sides + 1 Meat (Chicken)+ 1 Egg
Steamed Chicken Drumstick (Single),Dry Pot Pork Ribs And Shrimp,Spicy Lemongrass Chicken Set,Fried Fish,Pot - Fried Pork
You Mian,Fried Dumplings,Pork Katsu Curry Bowl,Iberico Pork Bowl,White/Brown/Rice + 2 Vegetable/Sides + 1 Meat (Beef)
Pot - Fried Pork,White/Brown Rice + 1 Vegetable/Sides + 1 Seafood,Fried Fish,Teriyaki Chicken Rice,White/Brown Rice + 1 Vegetable + 1 Meat (Pork) + 1 Processed Food
Sichuan Crispy Fish,Fresh Fish Fillet,Dry Pot Pork Ribs And Shrimp,Unagi Bowl,Stir-fry Mala (Pork / Seafood / Vegetable / Processed Food)
Pork Rib Prawn Noodles,Dumpling Noodle Soup (8 pcs),Mixed Beef,Smoked Duck With Garlic Moss,Teriyaki Chicken Rice
White/Brown Rice + 1 Vegetable/Sides + 1 Meat (Chicken),Mutton Briyani RIce with Achar,Cumi Goreng Set,Thick Bee Hoon,Spicy Lemongrass Chicken Set
Beefballs,Unagi Bowl,Fish Soup Rice Double Fish (Dory),Roasted Pork (Single/Double/Triple),White/Brown Rice + 1 Vegetable/Sides + 1 Seafood + 1 Egg
Pot - Fried Pork,Wanton,Fish Slices Soup Noodles (Batang),White/Brown Rice + 2 Vegetable + 2 Meat (Pork/Beef),White/Brown Rice + 1 Vegetable + 1 Meat (Pork) + 1 Seafood
Fried Pork With Chili,Fish Soup Rice Double Fish (Dory),Pork Katsu Bowl,Fried Vegetables,Beef Steak With Mushroom Sauce Set
Beefballs,Dry Pot Four Treasures,Roasted Pork (Single/Double/Triple),Iberico Pork Bowl,Ayam Kukus
White/Brown Rice + 1 Vegetable/Sides + 1 Meat (Beef),White/Brown Rice + 1 Vegetable + 1 Meat (Pork) + Egg,Stir-Fried Chicken,Ishiro Chashu Bowl,White/Brown Rice + 1 Vegetable/Sides + 1 Meat (Beef) + 1 Processed Food
White/Brown Rice + 2 Vegetable + 1 Meat (Chicken),White/Brown Rice + 1 Vegetable + 1 Meat (Pork),Beef Brisket,Wanton,Pork Katsu Curry Bowl
Iberico Pork Bowl,Curry Chicken (Single),Teriyaki Chicken Rice,Hong Kong style Roasted Sausage (Single/Double/Triple),Spicy Fried Large Intestine
Big Prawn Noodles,Char Siew (Single/Double/Triple),Mushroom Aglio Oglio,White/Brown Rice + 1 Vegetable + 1 Meat (Pork),Crispy Pork With Tofu
Smoked Duck With Garlic Moss,Mentaiko Chicken Udon,Stir-fry Mala (Chicken / Pork / Vegetable / Processed Food),White/Brown Rice + 1 Vegetable/Sides + 1 Meat (Chicken) + 1 Seafood,White/Brown Rice + 2 Vegetable + 2 Meat (Pork/Beef)
Grilled Unagi Udon,Mee Sua,Beefballs,Fish Slices Soup Rice (Batang),Stir-fry Mala (Pork / Beef / Vegetable / Processed Food)
Nasi Goreng with Ikan Bilis,White/Brown Rice + 1 Vegetable/Sides + 1 Meat (Chicken)+ 1 Egg,White/Brown/Rice + 2 Vegetable/Sides + 1 Meat (Chicken),White/Brown Rice + 1 Vegetable/Sides + 2 Meat (Beef),Rendang Beef
Cumi Goreng Set,Pork Rib Noodles,White/Brown Rice + 1 Vegetable/Sides + 1 Meat (Beef) + 1 Egg,Stir-fry Mala (Pork / Egg / Vegetable / Processed Food),NY Style Pizza Slice
White/Brown Rice + 1 Vegetable/Sides + 1 Meat (Chicken),Char Siew Wanton,Chicken Katsu,Stir-Fried Chicken,White/Brown Rice + 1 Vegetable/Sides + 1 Meat (Beef) + 1 Processed Food
Rendang Beef,Sukiya Beef Bowl,Steamed Chicken Drumstick (Single),Roasted Duck (Single/Double/Triple),Chicken Briyani Rice with Achar
Grilled Chicken Bowl,Unagi Bowl,Mentaiko Salmon Bowl,Cumi Goreng Set,Steamed Dumplings
Steamed Chicken Drumstick (Single),Stir-fry Mala (Pork / Vegetable / Processed Food),Sukiya Beef Udon,Zha Jiang Noodle,Salmon Bowl
Roasted Pork (Single/Double/Triple),Fried Dumplings,Pickled Fish,White/Brown Rice + 1 Vegetable/Sides + 2 Meat (Chicken),Big Prawn Noodles
Chicken Katsu Curry Bowl,Spicy Tender Beef,Nasi Lemak,Fried Pork With Chili,Chicken Cutlet Set
White/Brown Rice + 1 Vegetable/Sides + 1 Meat (Beef) + 1 Processed Food,White/Brown/Rice + 2 Vegetable/Sides + 1 Seafood,Taiwanese Braised Pork Rice,Mentaiko Pork Katsu Bowl,Mala Chicken Chop Rice
Cumi Goreng Set,White/Brown Rice + 1 Vegetable/Sides + 1 Meat (Beef),Beefballs,Mentaiko Pork Katsu Bowl,Beef Brisket
Sukiya Beef Curry Bowl,Dumpling Noodle Soup (8 pcs),Oyster Mee Sua with Sesame Chicken,White/Brown Rice + 1 Vegetable + 2 Meat (Chicken/Pork),Mentaiko Chicken Bowl
Mutton Briyani RIce with Achar,White/Brown Rice + 2 Vegetable + 2 Meat (Pork/Beef),White/Brown Rice + 1 Vegetable + 1 Meat (Chicken) + 1 Seafood,Steamed Dumplings,Dry Pot Four Treasures
Fried Vegetables,Cumi Goreng Set,Sukiya Beef Bowl,Mala Fried Rice With Seafood,Chicken Briyani Rice with Achar
Dumpling Soup,Fried Fish Soup Noodles (Dory),Taiwanese Sweet & Sour Chicken Rice,Crispy Noodles,Pork Belly Rice
Spicy Fried Large Intestine,X-Large Chicken Chop Rice,Dry Pot Pork Ribs And Shrimp,White/Brown Rice + 1 Vegetable + 1 Meat (Beef) + 1 Processed Food,Torched Chashu Udon
Bee Hoon Goreng with Ikan Bilis,Curry Chicken (Single),Thin Bee Hoon,Fried Meatballs,Big Prawn Noodles
Nashville Hot Chicken,White/Brown Rice + 1 Vegetable + 1 Meat (Pork),Chongqing Grilled Fish,Unagi Bowl,Smoked Duck With Garlic Moss
Cumi Goreng Set,White/Brown Rice + 1 Vegetable + 1 Meat (Beef),Roasted Chicken (Single/Double/Triple),Mee Sua,Stir-fry Mala (Beef / Vegetable / Processed Food)
Pork Belly Rice,Jerk Chicken Rice,Mala Fried Rice With Seafood,White/Brown Rice + 1 Vegetable/Sides + 1 Meat (Chicken) + 1 Processed Food,Grilled Chicken Udon
Sliced Beef,White/Brown Rice + 1 Vegetable/Sides + 1 Seafood + 1 Egg,Smoked Duck With Garlic Moss,Stir-fry Mala (Beef / Vegetable / Processed Food),White/Brown Rice + 1 Vegetable + 2 Meat (Chicken/Pork)
Shredded Chicken Porridge,Taiwanese Braised Pork Rice,White/Brown Rice + 2 Vegetable + 1 Meat (Beef),White/Brown Rice + 1 Vegetable + 1 Meat (Chicken) + 1 Processed Food,Thin Bee Hoon
Dry Pot Octopus With Sauce,Mala Chicken Chop Rice,Dumpling Soup,Ayam Penyet ,Roasted Duck (Single/Double/Triple)
White/Brown Rice + 2 Vegetable + 2 Meat (Chicken/Pork),White/Brown Rice + 1 Vegetable/Sides + 1 Meat (Chicken),Char Siew (Single/Double/Triple),White/Brown Rice + 1 Vegetable/Sides + 1 Seafood,Buffalo Wings
White/Brown Rice + 1 Vegetable/Sides + 1 Meat (Chicken) + 1 Seafood,Torched Chashu Udon,Tempura Prawn Curry Bowl,Dry Pot Spicy Shrimp,Ayam Kukus
White/Brown Rice + 1 Vegetable + 1 Meat (Beef) + 1 Processed Food,Hong Kong style Roasted Sausage (Single/Double/Triple),White/Brown Rice + 1 Vegetable + 1 Meat (Beef) + Egg,Beef Shin,Dumpling Soup
Steamed Dumplings,Minced Beef,Fried Vegetables,Dry Pot Pork Hoof Steak,Boiled Beef
Dumpling Soup,Steamed Dumplings,White/Brown Rice + 1 Vegetable/Sides + 1 Meat (Beef) + 1 Egg,White/Brown Rice + 1 Vegetable + 1 Meat (Beef) + 1 Processed Food,White/Brown/Rice + 2 Vegetable/Sides + 1 Meat (Beef)
White/Brown/Rice + 2 Vegetable/Sides + 1 Meat (Beef),White/Brown Rice + 2 Vegetable + 2 Meat (Chicken/Pork),Mentaiko Chicken Udon,White/Brown Rice + 1 Vegetable/Sides + 1 Meat (Beef) + 1 Processed Food,Oyster Mee Sua with Sesame Chicken
Mee Sua,Boiled Fish,Oyster Mee Sua,Fish Slices Soup Noodles (Batang),Thai Chicken Cutlet (Single/Double/Triple)
Sesame Seed Chicken Rice,Pork Rib Noodles,Sukiya Pork Udon,Chicken Karaage Curry Bowl,Nasi Goreng with Ikan Bilis
Dry Pot Seafood,Tom Yum Seafood Pasta,Roasted Duck (Single/Double/Triple),Beef Strangaoff,Oyster Mee Sua
White/Brown Rice + 1 Vegetable + 1 Meat (Beef),Stir-fry Mala (Beef / Vegetable / Processed Food),Mutton Briyani RIce with Achar,Chongqing Spicy Chicken,Mentaiko Salmon Udon
White/Brown Rice + 1 Vegetable/Sides + 1 Seafood + 1 Processed Food,Fried Rice With Tomato,Ban Mian,White/Brown Rice + 1 Vegetable + 1 Meat (Beef) + 1 Processed Food,White/Brown Rice + 2 Vegetable + 1 Meat (Beef)
Oyster Mee Sua with Sesame Chicken,Spicy Tender Beef,Stir-fry Mala (Chicken / Vegetable / Processed Food),Dumpling Noodle Soup (8 pcs),Nasi Goreng with Ikan Bilis
Minced Beef,Ayam Penyet Set,White/Brown Rice + 1 Vegetable/Sides + 2 Seafood,Chilli Corn Carne ,Spicy Tender Beef
Spicy Lemongrass Chicken Set,Dry Pot Pork Hoof Steak,Sesame Seed Chicken Rice,Steamed Dumplings,Pork Katsu Curry Bowl
Sukiya Beef Curry Bowl,Dry Pot Spicy Shrimp,Animal Style Fries,Fish Briyani Rice with Achar,Sukiya Beef Udon
Minced Beef,Mentaiko Pork Katsu Bowl,X-Large Chicken Chop Rice,White/Brown Rice + 1 Vegetable + 1 Meat (Beef) + 1 Processed Food,Bee Hoon Goreng with Ikan Bilis
Boiled Pork,Chilli Corn Carne ,Udang Penyet Set,Pork Rib Prawn Noodles,Iberico Pork Bowl
Fresh Fish Fillet,Chicken Briyani Rice with Achar,Boiled Beef,White/Brown Rice + 2 Vegetable + 2 Meat (Chicken/Beef),White/Brown Rice + 2 Vegetable + 1 Meat (Beef)
Normal Prawn Noodles,Char Siew (Single/Double/Triple),Tom Yum Seafood Pasta,Smoked Duck With Garlic Moss,Curry Chicken (Single)
White/Brown Rice + 1 Vegetable + 1 Meat (Beef) + 1 Processed Food,Dry Pot Pork Hoof Steak,White/Brown Rice + 1 Vegetable/Sides + 1 Meat (Beef) + 1 Egg,Dry Pot Octopus With Sauce,Fried Rice With Tomato
Crispy Pork With Tofu,Unagi Bowl,White/Brown Rice + 1 Vegetable + 1 Meat (Beef) + Egg,Sesame Seed Chicken Rice,Salmon Bowl
Pickled Fish,Dry Pot Octopus With Sauce,Fish Slices Soup Noodles (Batang),Pork Rib Prawn Noodles,Glizzies
Stir-fry Mala (Pork / Seafood / Vegetable / Processed Food),White/Brown Rice + 1 Vegetable/Sides + 1 Meat (Chicken) + 1 Seafood,Crispy Fish Fillet Set,Mee Goreng with Ikan Bilis,Fried Fish Soup Noodles (Dory)
Fried Fish Soup Rice (Dory),Ayam Penyet Set,White/Brown Rice + 1 Vegetable/Sides + 1 Seafood,Stir-fry Mala (Seafood / Vegetable / Processed Food),White/Brown Rice + 2 Vegetable + 2 Meat (Pork/Beef)
Glizzies,You Mian,Taiwanese Sweet & Sour Chicken Rice,White/Brown Rice + 1 Vegetable + 1 Meat (Pork) + 1 Processed Food,Sukiya Pork Udon
Hong Kong style Roasted Sausage (Single/Double/Triple),Pork Katsu Curry Bowl,Chicken Briyani Rice with Achar,Fish Slices Soup Rice (Batang),Boiled Fish
Chicken Karaage Curry Bowl,Steamed Dumplings,Beef Tendon,Grilled Chicken Udon,Lemon Chicken Cutlet (Single/Double/Triple)
Stir-Fried Pork,White/Brown Rice + 1 Vegetable + 2 Meat (Chicken/Pork),Dry Pot Fat Intestine Chicken,Oyster Mee Sua,Dry Pot Pork Ribs And Shrimp
Spicy Lemongrass Chicken Set,Chilli Corn Carne ,Bee Hoon Goreng with Ikan Bilis,Beef Steak With Mushroom Sauce Set,Shredded Chicken Porridge
White/Brown Rice + 1 Vegetable/Sides + 1 Meat (Chicken)+ 1 Egg,Wanton,White/Brown Rice + 1 Vegetable + 1 Meat (Chicken) + 1 Seafood,Crispy Noodles,Glizzies
Fish Soup Noodles Double Fish (Dory),Mee Hoon Kuah,White/Brown Rice + 1 Vegetable + 1 Meat (Beef) + Egg,Fish Soup Rice Double Fish (Dory),White/Brown Rice + 2 Vegetable + 1 Meat (Pork)
Boiled Fish,Chicken Briyani Rice with Achar,Beefballs,Sukiya Beef Bowl,Torched Chashu Udon
Udang Penyet Set,Taiwanese Pork Chop Rice,Chicken Katsu Curry Bowl,Shredded Chicken Porridge,White/Brown Rice + 1 Vegetable + 1 Meat (Chicken) + Egg
Tempura Prawn Curry Bowl,Salted Crispy Chicken Rice,White/Brown Rice + 1 Vegetable/Sides + 2 Seafood,Pork Katsu Curry Bowl,Fish Slices Soup Noodles (Batang)
Spicy Lemongrass Chicken Set,Unagi Bowl,Jerk Chicken Rice,Stir-fry Mala (Pork / Egg / Vegetable / Processed Food),Smoked Duck With Garlic Moss
Pickled Fish,Grilled Dory Fish Fillet Set,Tempura Prawn Curry Bowl,Ban Mian,White/Brown Rice + 1 Vegetable + 1 Meat (Chicken) + 1 Seafood
Stir-Fried Pork,Ayam Penyet Set,White/Brown Rice + 1 Vegetable/Sides + 1 Seafood + 1 Egg,Stir-fry Mala (Beef / Vegetable / Processed Food),White/Brown Rice + 1 Vegetable/Sides + 1 Meat (Beef) + 1 Processed Food
Sukiya Pork Udon,Mentaiko Pork Katsu Bowl,Grilled Chicken Bowl,Beef Steak With Mushroom Sauce Set,Nasi Goreng
Smoked Duck With Garlic Moss,Steamed Dumplings,Buffalo Wings,Fried Dumplings,Fried Rice With Tomato
White/Brown Rice + 1 Vegetable + 1 Meat (Beef) + Egg,Bee Hoon Goreng with Ikan Bilis,Rendang Beef,White/Brown Rice + 1 Vegetable + 2 Meat (Pork/Beef),Taiwanese Sweet & Sour Chicken Rice
Smoked Duck With Garlic Moss,Dry Pot Pork Ribs And Shrimp,Pork Belly Rice,Chongqing Spicy Chicken,White/Brown Rice + 1 Vegetable/Sides + 2 Meat (Beef)
White/Brown Rice + 1 Vegetable + 1 Meat (Beef) + 1 Processed Food,Pot - Fried Pork,White/Brown Rice + 2 Vegetable + 2 Meat (Chicken/Beef),Roasted Pork (Single/Double/Triple),Sichuan Crispy Fish
Mee Hoon Kuah,White/Brown Rice + 1 Vegetable + 1 Meat (Beef) + 1 Processed Food,Iberico Pork Bowl,Fish Slices Soup Noodles (Batang),Mentaiko Chicken Udon
White/Brown/Rice + 2 Vegetable/Sides + 1 Seafood,Marinara Pasta,Pork Belly Rice,Glizzies,White/Brown Rice + 1 Vegetable + 1 Meat (Chicken) + Egg
Lemon Chicken Cutlet (Single/Double/Triple),Jerk Chicken Rice,Stir-fry Mala (Pork / Vegetable / Processed Food),Udang Penyet Set,White/Brown Rice + 1 Vegetable/Sides + 1 Seafood
White/Brown/Rice + 2 Vegetable/Sides + 1 Meat (Beef),Roasted Chicken Drumstick (Single),Mentaiko Pork Katsu Bowl,Crispy Noodles,Mutton Briyani RIce with Achar
Boiled Beef,Lemon Chicken Cutlet (Single/Double/Triple),Fresh Fish Fillet,Nashville Hot Chicken,Grilled Dory Fish Fillet Set
Thin Bee Hoon,Stir-fry Mala (Chicken / Vegetable / Processed Food),Fried Fish Soup Noodles (Dory),Nashville Hot Chicken,White/Brown Rice + 1 Vegetable/Sides + 1 Seafood + 1 Egg
Mala Fried Rice With Chicken,Ham Carbonara Pasta,Fish Soup Rice Double Fish (Dory),Torched Chashu Udon,Beef Strangaoff
Dry Pot Spicy Shrimp,Fried Meatballs,Pork Katsu Bowl,Mala Chicken Chop Rice,Fried Fish Soup Rice (Dory)
Crispy Noodles,Boiled Fish,Spicy Tender Beef,White/Brown Rice + 2 Vegetable + 2 Meat (Pork/Beef),Fried Dumplings
Mushroom Aglio Oglio,Big Prawn Noodles,Smoked Duck With Garlic Moss,Dry Pot Pork Ribs And Shrimp,White/Brown Rice + 1 Vegetable/Sides + 1 Meat (Chicken) + 1 Processed Food
Fresh Fish Fillet,Stir-Fried Chicken,Roasted Pork (Single/Double/Triple),Oyster Mee Sua with Sesame Chicken,NY Style Pizza Slice
Boiled Beef,White/Brown Rice + 2 Vegetable + 2 Meat (Pork/Beef),Chilli Corn Carne ,Nashville Hot Chicken,White/Brown Rice + 1 Vegetable/Sides + 1 Meat (Beef) + 1 Processed Food
White/Brown Rice + 1 Vegetable/Sides + 1 Meat (Chicken),Dry Pot Four Treasures,Thin Bee Hoon,Pork Rib Prawn Noodles,Dry Pot Spicy Shrimp
White/Brown Rice + 1 Vegetable + 2 Meat (Chicken/Beef),Spicy Lemongrass Chicken Set,Mentaiko Spicy Chicken Udon,Fried Pork With Chili,Fish Head With Soy Sauce And Pepper
Fish Head With Soy Sauce And Pepper,X-Large Chicken Chop Rice,White/Brown Rice + 1 Vegetable + 1 Meat (Pork),White/Brown Rice + 1 Vegetable + 1 Meat (Chicken) + Egg,Spicy Tender Beef
Iberico Pork Bowl,Steamed Chicken Drumstick (Single),Udang Penyet Set,Mutton Briyani RIce with Achar,Mee Sua
Thin Bee Hoon,Lemon Chicken Cutlet (Single/Double/Triple),Beef Tendon,White/Brown Rice + 1 Vegetable + 1 Meat (Beef) + 1 Seafood,Dry Pot Spicy Shrimp
White/Brown Rice + 2 Vegetable + 2 Meat (Chicken/Beef),Ayam Penyet Set,Mee Goreng with Ikan Bilis,Pork Rib Prawn Noodles,Roasted Pork (Single/Double/Triple)
White/Brown Rice + 1 Vegetable/Sides + 1 Meat (Chicken)+ 1 Egg,Spicy Fried Large Intestine,Chicken Katsu,Boiled Pork,Nasi Lemak
Salted Crispy Chicken Rice,Tempura Prawn Curry Bowl,Spicy Lemongrass Chicken Set,Nasi Lemak,NY Style Pizza Slice
Stir-fry Mala (Seafood / Vegetable / Processed Food),Hong Kong style Roasted Sausage (Single/Double/Triple),White/Brown Rice + 2 Vegetable + 2 Meat (Chicken/Beef),Fried Meatballs,White/Brown Rice + 1 Vegetable/Sides + 1 Meat (Chicken)+ 1 Egg
Mala Fried Rice With Chicken,Ayam Penyet Set,Mushroom Aglio Oglio,White/Brown Rice + 1 Vegetable + 1 Meat (Beef) + 1 Processed Food,Smoked Duck With Garlic Moss
Spicy Tender Beef,Salted Crispy Chicken Rice,Sukiya Beef Bowl,Grilled Chicken Chop set,Mee Goreng
Stir-Fried Chicken,Taiwanese Pork Chop Rice,Normal Prawn Noodles,Sukiya Beef Bowl,Buffalo Wings
Nashville Hot Chicken,Stir-Fried Pork,White/Brown Rice + 1 Vegetable + 2 Meat (Chicken/Pork),White/Brown Rice + 1 Vegetable + 1 Meat (Chicken) + 1 Processed Food,White/Brown Rice + 1 Vegetable + 1 Meat (Pork)
White/Brown Rice + 1 Vegetable/Sides + 1 Meat (Chicken),Roasted Chicken Drumstick (Single),Animal Style Fries,Grilled Unagi Udon,Chilli Corn Carne 
Mala Fried Rice With Seafood,White/Brown Rice + 1 Vegetable + 1 Meat (Chicken) + Egg,White/Brown Rice + 1 Vegetable + 1 Meat (Beef) + Egg,White/Brown Rice + 1 Vegetable/Sides + 1 Meat (Beef) + 1 Processed Food,Chongqing Grilled Fish
Sichuan Crispy Fish,Fish Slices Soup Noodles (Batang),Tempura Prawn Curry Bowl,Wanton,Pork Rib Noodles
White/Brown Rice + 1 Vegetable/Sides + 1 Meat (Chicken) + 1 Seafood,Beef Shin,Roasted Chicken (Single/Double/Triple),Nasi Goreng with Ikan Bilis,Fried Rice With Tomato
Beef Brisket,Mentaiko Salmon Udon,Steamed Chicken Drumstick (Single),Pork Katsu Bowl,Mala Fried Rice With Seafood
Fried Fish Soup Rice (Dory),Spicy Lemongrass Chicken Set,White/Brown Rice + 1 Vegetable/Sides + 2 Meat (Chicken),White/Brown Rice + 1 Vegetable + 1 Meat (Chicken) + 1 Seafood,White/Brown Rice + 2 Vegetable + 1 Meat (Pork)
Mee Goreng,Dry Pot Pork Ribs And Shrimp,White/Brown Rice + 1 Vegetable/Sides + 2 Meat (Beef),Chicken Cutlet Set,Roasted Duck Drumstick (Single)
Grilled Dory Fish Fillet Set,White/Brown Rice + 1 Vegetable/Sides + 2 Meat (Beef),Mee Hoon Kuah,Pork Rib Noodles,Dry Pot Spicy Shrimp
Chicken Briyani Rice with Achar,Stir-fry Mala (Chicken / Pork / Vegetable / Processed Food),Ayam Penyet Set,White/Brown Rice + 1 Vegetable + 2 Meat (Chicken/Beef),NY Style Pizza Slice
White/Brown Rice + 1 Vegetable + 1 Meat (Beef) + 1 Processed Food,Beef Brisket,Beef Strangaoff,White/Brown Rice + 1 Vegetable/Sides + 1 Meat (Chicken)+ 1 Egg,White/Brown Rice + 1 Vegetable + 1 Meat (Beef) + 1 Seafood
White/Brown Rice + 1 Vegetable + 1 Meat (Beef) + 1 Seafood,Rendang Beef,White/Brown Rice + 1 Vegetable + 2 Meat (Pork/Beef),Fried Vegetables,Fried Wontons
White/Brown Rice + 1 Vegetable + 2 Meat (Chicken/Beef),Pork Rib Prawn Noodles,Teriyaki Chicken Rice,Spicy Chicken Tonkatsu Udon,White/Brown Rice + 1 Vegetable/Sides + 1 Meat (Chicken) + 1 Seafood
Curry Chicken (Single),White/Brown Rice + 1 Vegetable + 2 Meat (Chicken/Beef),Pork Rib Prawn Noodles,Oyster Mee Sua,Mentaiko Pork Katsu Bowl
White/Brown Rice + 1 Vegetable/Sides + 2 Meat (Beef),Boiled Fish,Mala Fried Rice With Chicken,Nasi Lemak,White/Brown Rice + 2 Vegetable + 2 Meat (Chicken/Beef)
Chicken Briyani Rice with Achar,White/Brown Rice + 1 Vegetable + 1 Meat (Beef) + Egg,Grilled Chicken Bowl,Stir-fry Mala (Chicken / Vegetable / Processed Food),Char Siew (Single/Double/Triple)
Mixed Beef,Mentaiko Spicy Chicken Udon,Nashville Hot Chicken,Chicken Briyani Rice with Achar,Crispy Pork With Tofu
Char Siew Wanton,Grilled Unagi Udon,White/Brown Rice + 2 Vegetable + 1 Meat (Beef),Boiled Beef,Nasi Lemak
Roasted Duck (Single/Double/Triple),Mushroom Aglio Oglio,Stir-Fried Pork,Mentaiko Spicy Chicken Udon,Mentaiko Chicken Bowl
Curry Chicken (Single),Fried Fish,Stir-fry Mala (Pork / Egg / Vegetable / Processed Food),Mee Goreng,Fried Fish Soup Rice (Dory)
Lemon Chicken Cutlet (Single/Double/Triple),White/Brown Rice + 2 Vegetable + 2 Meat (Chicken/Pork),NY Style Pizza Slice,White/Brown Rice + 1 Vegetable/Sides + 1 Meat (Beef) + 1 Seafood,Tom Yum Seafood Pasta
Ban Mian,Mentaiko Spicy Chicken Udon,Zha Jiang Noodle,Oyster Mee Sua,White/Brown Rice + 1 Vegetable/Sides + 1 Meat (Beef)
White/Brown Rice + 1 Vegetable + 2 Meat (Pork/Beef),Grilled Chicken Udon,Dry Pot Pork Hoof Steak,Crispy Fish Fillet Set,Sukiya Beef Curry Bowl
Dry Pot Four Treasures,Curry Chicken (Single),You Mian,Stir-fry Mala (Chicken / Pork / Vegetable / Processed Food),Beef Brisket
White/Brown Rice + 2 Vegetable + 1 Meat (Chicken),White/Brown Rice + 1 Vegetable + 1 Meat (Beef) + 1 Seafood,Mala Chicken Chop Rice,Ayam Panggang Set,White/Brown Rice + 1 Vegetable + 2 Meat (Chicken/Pork)
Fish Slices Soup Noodles (Batang),Crispy Noodles,Ayam Panggang Set,Fried Vegetables,Char Siew (Single/Double/Triple)
Glizzies,Curry Chicken (Single),Stir-fry Mala (Pork / Beef / Vegetable / Processed Food),Minced Beef,Char Siew (Single/Double/Triple)
Beefballs,Stir-fry Mala (Pork / Vegetable / Processed Food),Animal Style Fries,Pork Belly Rice,White/Brown Rice + 1 Vegetable + 2 Meat (Pork/Beef)
Marinara Pasta,White/Brown Rice + 1 Vegetable + 1 Meat (Pork) + Egg,Curry Chicken (Single),Mentaiko Chicken Bowl,White/Brown Rice + 2 Vegetable + 1 Meat (Beef)
Pork Belly Rice,White/Brown Rice + 1 Vegetable/Sides + 1 Meat (Chicken) + 1 Processed Food,Fish Head With Soy Sauce And Pepper,Fish Slices Soup Rice (Batang),Chicken Katsu Curry Bowl
White/Brown Rice + 1 Vegetable + 1 Meat (Pork),Mentaiko Salmon Udon,Chicken Briyani Rice with Achar,Fish Slices Soup Rice (Batang),Fried Vegetables
Fried Meatballs,Ayam Kukus,Pork Katsu Curry Bowl,Boiled Pork,Normal Prawn Noodles
Tom Yum Seafood Pasta,Ban Mian,White/Brown Rice + 2 Vegetable + 1 Meat (Beef),Shredded Chicken Porridge,Smoked Duck With Garlic Moss
Unagi Bowl,Stir-fry Mala (Chicken / Pork / Vegetable / Processed Food),Thin Bee Hoon,Spicy Chicken Tonkatsu Udon,Spicy Tender Beef
White/Brown Rice + 2 Vegetable + 2 Meat (Pork/Beef),Fish Soup Rice Double Fish (Dory),White/Brown/Rice + 2 Vegetable/Sides + 1 Seafood,Salmon Bowl,Fish Slices Soup Rice (Batang)
Grilled Dory Fish Fillet Set,Mentaiko Pork Katsu Bowl,Sukiya Beef Udon,Crispy Noodles,White/Brown Rice + 1 Vegetable + 2 Meat (Pork/Beef)
Mala Chicken Chop Rice,Grilled Chicken Chop set,Pork Rib Noodles,Sliced Beef,Pot - Fried Pork
Stir-fry Mala (Pork / Egg / Vegetable / Processed Food),Spicy Lemongrass Chicken Set,Beef Tendon,Chicken Karaage Curry Bowl,Fried Meatballs
Beefballs,Salmon Bowl,Mentaiko Salmon Udon,Ayam Panggang Set,Mee Goreng with Ikan Bilis
White/Brown Rice + 1 Vegetable + 1 Meat (Chicken),Steamed Dumplings,White/Brown Rice + 1 Vegetable + 1 Meat (Beef),Crispy Noodles,Stir-fry Mala (Pork / Vegetable / Processed Food)
Taiwanese Sweet & Sour Chicken Rice,Stir-fry Mala (Pork / Beef / Vegetable / Processed Food),Stir-fry Mala (Chicken / Vegetable / Processed Food),Mee Goreng with Ikan Bilis,Steamed Chicken Drumstick (Single)
Ishiro Chashu Bowl,Fried Fish Soup Rice (Dory),White/Brown Rice + 1 Vegetable + 2 Meat (Pork/Beef),Mentaiko Salmon Bowl,Roasted Chicken (Single/Double/Triple)
Honey Chicken Chop Rice,White/Brown Rice + 1 Vegetable + 1 Meat (Beef),Unagi Bowl,Mutton Briyani RIce with Achar,Dry Pot Spicy Shrimp
Chicken Karaage Curry Bowl,Mentaiko Spicy Chicken Udon,Torched Chashu Udon,Stir-fry Mala (Chicken / Vegetable / Processed Food),Fish Slices Soup Rice (Batang)
Mentaiko Salmon Bowl,White/Brown Rice + 1 Vegetable/Sides + 1 Seafood + 1 Egg,Char Siew Wanton,White/Brown Rice + 1 Vegetable + 1 Meat (Pork) + 1 Seafood,Grilled Dory Fish Fillet Set
Stir-fry Mala (Pork / Egg / Vegetable / Processed Food),Smoked Duck With Garlic Moss,Ham Carbonara Pasta,Tom Yum Seafood Pasta,Bee Hoon Goreng with Ikan Bilis
Ayam Panggang Set,Ham Carbonara Pasta,Sukiya Beef Curry Bowl,Crispy Pork With Tofu,Ishiro Chashu Bowl
Dumpling Noodle Soup (8 pcs),White/Brown Rice + 1 Vegetable + 1 Meat (Chicken) + 1 Seafood,White/Brown Rice + 1 Vegetable/Sides + 1 Seafood,X-Large Chicken Chop Rice,Hong Kong style Roasted Sausage (Single/Double/Triple)
Animal Style Fries,Grilled Chicken Bowl,White/Brown Rice + 1 Vegetable/Sides + 1 Meat (Beef) + 1 Egg,Fried Pork With Chili,White/Brown Rice + 1 Vegetable + 1 Meat (Pork) + 1 Seafood
Normal Prawn Noodles,Mee Hoon Kuah,Stir-fry Mala (Seafood / Vegetable / Processed Food),Taiwanese Sweet & Sour Chicken Rice,Fish Head With Soy Sauce And Pepper
You Mian,Fish Briyani Rice with Achar,Mixed Beef,White/Brown Rice + 1 Vegetable/Sides + 1 Seafood,Stir-fry Mala (Pork / Beef / Vegetable / Processed Food)
Pot - Fried Pork,Ishiro Chashu Bowl,Cumi Goreng Set,Dry Pot Seafood,White/Brown Rice + 1 Vegetable/Sides + 1 Meat (Chicken)+ 1 Egg
Sukiya Beef Udon,Torched Chashu Udon,Mee Sua,Minced Beef,White/Brown Rice + 1 Vegetable/Sides + 1 Meat (Beef) + 1 Egg
Pickled Fish,Roasted Chicken Drumstick (Single),White/Brown Rice + 1 Vegetable/Sides + 1 Meat (Chicken) + 1 Processed Food,Roasted Chicken (Single/Double/Triple),Udang Penyet Set
Ban Mian,White/Brown Rice + 1 Vegetable + 1 Meat (Pork) + 1 Seafood,Fried Meatballs,Char Siew Wanton,Steamed Chicken Drumstick (Single)
Torched Chashu Udon,Oyster Mee Sua with Sesame Chicken,Pork Katsu Bowl,Chicken Katsu Curry Bowl,Hong Kong style Roasted Sausage (Single/Double/Triple)
Bee Hoon Goreng with Ikan Bilis,White/Brown Rice + 1 Vegetable/Sides + 1 Meat (Beef) + 1 Processed Food,Minced Beef,Wanton,Spicy Tender Beef
White/Brown Rice + 1 Vegetable/Sides + 1 Seafood + 1 Egg,Nasi Goreng,Boiled Pork,White/Brown Rice + 1 Vegetable/Sides + 1 Meat (Chicken),Honey Chicken Chop Rice
Stir-fry Mala (Pork / Egg / Vegetable / Processed Food),White/Brown Rice + 2 Vegetable + 2 Meat (Chicken/Beef),Stir-fry Mala (Beef / Vegetable / Processed Food),Minced Beef,Taiwanese Sweet & Sour Chicken Rice
Chicken Cutlet Set,Thick Bee Hoon,Grilled Dory Fish Fillet Set,Taiwanese Braised Pork Rice,Fish Head With Soy Sauce And Pepper
Char Siew Wanton,Jerk Chicken Rice,White/Brown Rice + 1 Vegetable/Sides + 2 Seafood,Animal Style Fries,Fresh Fish Fillet
Ikan Dory Penyet Set,Chicken Katsu,Sesame Seed Chicken Rice,Pork Belly Rice,Hong Kong style Roasted Sausage (Single/Double/Triple)
Boiled Pork,Glizzies,White/Brown Rice + 1 Vegetable + 1 Meat (Chicken),Beef Strangaoff,Grilled Chicken Chop set
Ikan Dory Penyet Set,Pork Katsu Curry Bowl,Salmon Bowl,Chicken Katsu Curry Bowl,Stir-fry Mala (Chicken / Pork / Vegetable / Processed Food)
Crispy Fish Fillet Set,Char Siew Wanton,Taiwanese Braised Pork Rice,White/Brown Rice + 1 Vegetable/Sides + 1 Seafood,Roasted Duck (Single/Double/Triple)
Stir-fry Mala (Pork / Egg / Vegetable / Processed Food),Ban Mian,Shredded Chicken Porridge,White/Brown Rice + 1 Vegetable + 1 Meat (Pork),Curry Chicken (Single)
White/Brown Rice + 2 Vegetable + 2 Meat (Chicken/Beef),Salmon Bowl,Stir-fry Mala (Pork / Beef / Vegetable / Processed Food),Stir-fry Mala (Seafood / Vegetable / Processed Food),Sukiya Beef Udon
White/Brown Rice + 2 Vegetable + 2 Meat (Pork/Beef),Sliced Beef,Curry Chicken (Single),Stir-fry Mala (Beef / Vegetable / Processed Food),Beefballs
Nasi Lemak,Chicken Katsu,Fish Soup Rice Double Fish (Dory),Roasted Chicken Drumstick (Single),White/Brown Rice + 1 Vegetable/Sides + 1 Meat (Beef) + 1 Egg
NY Style Pizza Slice,Tempura Prawn Curry Bowl,White/Brown/Rice + 2 Vegetable/Sides + 1 Seafood,Steamed Chicken Drumstick (Single),Big Prawn Noodles
White/Brown Rice + 1 Vegetable/Sides + 1 Meat (Beef) + 1 Processed Food,Ayam Penyet ,White/Brown Rice + 2 Vegetable + 1 Meat (Pork),Udang Penyet Set,Ikan Bawal Set
Fried Vegetables,White/Brown Rice + 1 Vegetable + 1 Meat (Pork),Tom Yum Seafood Pasta,Mentaiko Chicken Bowl,Fish Soup Noodles Double Fish (Dory)
Chongqing Spicy Chicken,Fish Soup Rice Double Fish (Dory),Dumpling Noodle Soup (8 pcs),White/Brown Rice + 2 Vegetable + 1 Meat (Pork),White/Brown Rice + 1 Vegetable + 1 Meat (Pork)
Fresh Fish Fillet,Ishiro Chashu Bowl,Zha Jiang Noodle,Pork Belly Rice,Stir-fry Mala (Pork / Seafood / Vegetable / Processed Food)
White/Brown Rice + 1 Vegetable/Sides + 1 Meat (Chicken)+ 1 Egg,White/Brown Rice + 1 Vegetable + 1 Meat (Chicken) + 1 Seafood,Mushroom Aglio Oglio,Beefballs,Mentaiko Salmon Udon